strat,max,num workers,num req,dur,seed,avg wt,max wt,num failed
Greedy,0.1,50,800,100.0,20,0.17987084178506957,0.8886343018029099,583
Greedy,0.15000000000000002,50,800,100.0,20,0.17987084178506957,0.8886343018029099,422
Greedy,0.20000000000000004,50,800,100.0,20,0.17987084178506957,0.8886343018029099,284
Greedy,0.25000000000000006,50,800,100.0,20,0.17987084178506957,0.8886343018029099,179
Greedy,0.30000000000000004,50,800,100.0,20,0.17987084178506957,0.8886343018029099,107
Greedy,0.3500000000000001,50,800,100.0,20,0.17987084178506957,0.8886343018029099,67
Greedy,0.40000000000000013,50,800,100.0,20,0.17987084178506957,0.8886343018029099,38
Greedy,0.45000000000000007,50,800,100.0,20,0.17987084178506957,0.8886343018029099,23
Ranking,0.1,50,800,100.0,20,0.1809773253325001,0.8886343018029099,585
Ranking,0.15000000000000002,50,800,100.0,20,0.18566849186725104,0.8886343018029099,427
Ranking,0.20000000000000004,50,800,100.0,20,0.19247319471498206,0.8886343018029099,295
Ranking,0.25000000000000006,50,800,100.0,20,0.2093722421382528,0.8384097767842549,189
Ranking,0.30000000000000004,50,800,100.0,20,0.22739963993215098,0.8886343018029099,121
Ranking,0.3500000000000001,50,800,100.0,20,0.2538881663433066,0.7972999552710788,72
Ranking,0.40000000000000013,50,800,100.0,20,0.2779038494887223,0.8881333056656586,52
Ranking,0.45000000000000007,50,800,100.0,20,0.298360179220052,0.7512507393033324,23
Random,0.1,50,800,100.0,20,0.17968225703012575,0.8886343018029099,578
Random,0.15000000000000002,50,800,100.0,20,0.19000563709006818,0.8886343018029099,431
Random,0.20000000000000004,50,800,100.0,20,0.19323888862644284,0.8886343018029099,292
Random,0.25000000000000006,50,800,100.0,20,0.20861143468815965,0.8886343018029099,183
Random,0.30000000000000004,50,800,100.0,20,0.2277541622650504,0.8886343018029099,117
Random,0.3500000000000001,50,800,100.0,20,0.24517183811325016,0.8886343018029099,68
Random,0.40000000000000013,50,800,100.0,20,0.277950737505613,0.8886343018029099,57
Random,0.45000000000000007,50,800,100.0,20,0.2902633890924229,0.7388681140616294,24
HighestRedundancy,0.1,50,800,100.0,20,0.1826020010020782,0.8886343018029099,585
HighestRedundancy,0.15000000000000002,50,800,100.0,20,0.18542377442706154,0.8886343018029099,416
HighestRedundancy,0.20000000000000004,50,800,100.0,20,0.19241137451348855,0.8886343018029099,283
HighestRedundancy,0.25000000000000006,50,800,100.0,20,0.20822678768281314,0.8886343018029099,177
HighestRedundancy,0.30000000000000004,50,800,100.0,20,0.2262949809733058,0.754180287538539,104
HighestRedundancy,0.3500000000000001,50,800,100.0,20,0.2477278819735675,0.8384097767842549,52
HighestRedundancy,0.40000000000000013,50,800,100.0,20,0.267659675083999,0.7398363162499688,24
HighestRedundancy,0.45000000000000007,50,800,100.0,20,0.29680758442255256,0.6882446406822206,15
Greedy,0.1,60,800,100.0,20,0.16241922112353502,0.8886343018029099,542
Greedy,0.15000000000000002,60,800,100.0,20,0.16241922112353502,0.8886343018029099,370
Greedy,0.20000000000000004,60,800,100.0,20,0.16241922112353502,0.8886343018029099,234
Greedy,0.25000000000000006,60,800,100.0,20,0.16241922112353502,0.8886343018029099,142
Greedy,0.30000000000000004,60,800,100.0,20,0.16241922112353502,0.8886343018029099,78
Greedy,0.3500000000000001,60,800,100.0,20,0.16241922112353502,0.8886343018029099,45
Greedy,0.40000000000000013,60,800,100.0,20,0.16241922112353502,0.8886343018029099,25
Greedy,0.45000000000000007,60,800,100.0,20,0.16241922112353502,0.8886343018029099,13
Ranking,0.1,60,800,100.0,20,0.16450322805219553,0.8886343018029099,542
Ranking,0.15000000000000002,60,800,100.0,20,0.1693170149150266,0.7882004552475803,375
Ranking,0.20000000000000004,60,800,100.0,20,0.17758298721824375,0.7388681140616294,240
Ranking,0.25000000000000006,60,800,100.0,20,0.19241181188158124,0.7176714332016885,131
Ranking,0.30000000000000004,60,800,100.0,20,0.21409963745946908,0.5672126908690267,72
Ranking,0.3500000000000001,60,800,100.0,20,0.24450363791890306,0.7176714332016885,41
Ranking,0.40000000000000013,60,800,100.0,20,0.269326854391143,0.7336193118764035,30
Ranking,0.45000000000000007,60,800,100.0,20,0.29144580412647564,0.5845447179276294,4
Random,0.1,60,800,100.0,20,0.16357087179241833,0.8886343018029099,538
Random,0.15000000000000002,60,800,100.0,20,0.16568767979675011,0.7388681140616294,358
Random,0.20000000000000004,60,800,100.0,20,0.17540405483121282,0.7388681140616294,237
Random,0.25000000000000006,60,800,100.0,20,0.1946278380001758,0.7388681140616294,138
Random,0.30000000000000004,60,800,100.0,20,0.21688350042773713,0.7388681140616294,81
Random,0.3500000000000001,60,800,100.0,20,0.2439091338607173,0.6318668734324795,55
Random,0.40000000000000013,60,800,100.0,20,0.27202287067622005,0.7176714332016885,24
Random,0.45000000000000007,60,800,100.0,20,0.2956424902725587,0.6787412486600405,16
HighestRedundancy,0.1,60,800,100.0,20,0.16362756508593396,0.8886343018029099,542
HighestRedundancy,0.15000000000000002,60,800,100.0,20,0.1677739411831734,0.7388681140616294,365
HighestRedundancy,0.20000000000000004,60,800,100.0,20,0.17379185158463037,0.7388681140616294,220
HighestRedundancy,0.25000000000000006,60,800,100.0,20,0.19328417385828833,0.7176714332016885,126
HighestRedundancy,0.30000000000000004,60,800,100.0,20,0.21096919571199335,0.6787412486600405,61
HighestRedundancy,0.3500000000000001,60,800,100.0,20,0.2464308248852311,0.7337241969766102,32
HighestRedundancy,0.40000000000000013,60,800,100.0,20,0.26720889569843626,0.5758045093868787,11
HighestRedundancy,0.45000000000000007,60,800,100.0,20,0.29852205584182157,0.5975974553963762,2
Greedy,0.1,70,800,100.0,20,0.14687463063972225,0.5975974553963762,508
Greedy,0.15000000000000002,70,800,100.0,20,0.14687463063972225,0.5975974553963762,325
Greedy,0.20000000000000004,70,800,100.0,20,0.14687463063972225,0.5975974553963762,191
Greedy,0.25000000000000006,70,800,100.0,20,0.14687463063972225,0.5975974553963762,107
Greedy,0.30000000000000004,70,800,100.0,20,0.14687463063972225,0.5975974553963762,55
Greedy,0.3500000000000001,70,800,100.0,20,0.14687463063972225,0.5975974553963762,29
Greedy,0.40000000000000013,70,800,100.0,20,0.14687463063972225,0.5975974553963762,14
Greedy,0.45000000000000007,70,800,100.0,20,0.14687463063972225,0.5975974553963762,8
Ranking,0.1,70,800,100.0,20,0.14992675892689217,0.5975974553963762,514
Ranking,0.15000000000000002,70,800,100.0,20,0.15508397842669103,0.5975974553963762,322
Ranking,0.20000000000000004,70,800,100.0,20,0.16668076324926848,0.6646544780922262,191
Ranking,0.25000000000000006,70,800,100.0,20,0.18490880857775085,0.5975974553963762,96
Ranking,0.30000000000000004,70,800,100.0,20,0.2052481363212967,0.5716671449295244,47
Ranking,0.3500000000000001,70,800,100.0,20,0.23959661779346178,0.5845447179276294,30
Ranking,0.40000000000000013,70,800,100.0,20,0.2633588356413718,0.5913428078560671,13
Ranking,0.45000000000000007,70,800,100.0,20,0.2871127304014848,0.5845447179276294,8
Random,0.1,70,800,100.0,20,0.1484624999570634,0.5975974553963762,506
Random,0.15000000000000002,70,800,100.0,20,0.15451571451740848,0.6318668734324795,325
Random,0.20000000000000004,70,800,100.0,20,0.16655619199240268,0.6650645352546092,200
Random,0.25000000000000006,70,800,100.0,20,0.1893098893210121,0.6318668734324795,105
Random,0.30000000000000004,70,800,100.0,20,0.20628356509320156,0.6318668734324795,48
Random,0.3500000000000001,70,800,100.0,20,0.23107568893047778,0.4804636838493862,15
Random,0.40000000000000013,70,800,100.0,20,0.2609338125789801,0.5758045093868787,13
Random,0.45000000000000007,70,800,100.0,20,0.28813589592355365,0.618447146741407,4
HighestRedundancy,0.1,70,800,100.0,20,0.14892818347504724,0.5975974553963762,506
HighestRedundancy,0.15000000000000002,70,800,100.0,20,0.15329495641290047,0.6318668734324795,312
HighestRedundancy,0.20000000000000004,70,800,100.0,20,0.16328567269450242,0.5975974553963762,180
HighestRedundancy,0.25000000000000006,70,800,100.0,20,0.1845553066228639,0.6052573334031244,80
HighestRedundancy,0.30000000000000004,70,800,100.0,20,0.2052727271855793,0.5246104536037072,26
HighestRedundancy,0.3500000000000001,70,800,100.0,20,0.23627285197185194,0.5758045093868787,13
HighestRedundancy,0.40000000000000013,70,800,100.0,20,0.2725039351125479,0.5758045093868787,5
HighestRedundancy,0.45000000000000007,70,800,100.0,20,0.3010945370847084,0.5246104536037072,2
Greedy,0.1,80,800,100.0,20,0.13816297880692782,0.5434820699528506,489
Greedy,0.15000000000000002,80,800,100.0,20,0.13816297880692782,0.5434820699528506,300
Greedy,0.20000000000000004,80,800,100.0,20,0.13816297880692782,0.5434820699528506,155
Greedy,0.25000000000000006,80,800,100.0,20,0.13816297880692782,0.5434820699528506,85
Greedy,0.30000000000000004,80,800,100.0,20,0.13816297880692782,0.5434820699528506,44
Greedy,0.3500000000000001,80,800,100.0,20,0.13816297880692782,0.5434820699528506,19
Greedy,0.40000000000000013,80,800,100.0,20,0.13816297880692782,0.5434820699528506,10
Greedy,0.45000000000000007,80,800,100.0,20,0.13816297880692782,0.5434820699528506,5
Ranking,0.1,80,800,100.0,20,0.139452820141138,0.5434820699528506,484
Ranking,0.15000000000000002,80,800,100.0,20,0.14748523913684147,0.6294267180576186,285
Ranking,0.20000000000000004,80,800,100.0,20,0.1600035737045587,0.6318668734324795,152
Ranking,0.25000000000000006,80,800,100.0,20,0.18114775582939902,0.6348497496080326,83
Ranking,0.30000000000000004,80,800,100.0,20,0.20734480964292082,0.7081083040439314,48
Ranking,0.3500000000000001,80,800,100.0,20,0.23857151004079388,0.5845447179276294,20
Ranking,0.40000000000000013,80,800,100.0,20,0.26135768439055246,0.7081083040439314,12
Ranking,0.45000000000000007,80,800,100.0,20,0.2881113554554785,0.5845447179276294,4
Random,0.1,80,800,100.0,20,0.13775020740268565,0.5434820699528506,480
Random,0.15000000000000002,80,800,100.0,20,0.14595436998670247,0.5246104536037072,299
Random,0.20000000000000004,80,800,100.0,20,0.15761479571632594,0.5427254238337513,149
Random,0.25000000000000006,80,800,100.0,20,0.17577274259460837,0.5975974553963762,62
Random,0.30000000000000004,80,800,100.0,20,0.2066589299548915,0.5845447179276294,41
Random,0.3500000000000001,80,800,100.0,20,0.23540038539244823,0.6496245688581676,23
Random,0.40000000000000013,80,800,100.0,20,0.25817561405784745,0.5815196877882439,5
Random,0.45000000000000007,80,800,100.0,20,0.2903097722235041,0.7176714332016885,4
HighestRedundancy,0.1,80,800,100.0,20,0.13949618939738984,0.5434820699528506,480
HighestRedundancy,0.15000000000000002,80,800,100.0,20,0.14393101535812286,0.6294267180576186,271
HighestRedundancy,0.20000000000000004,80,800,100.0,20,0.1581718506258728,0.5975974553963762,150
HighestRedundancy,0.25000000000000006,80,800,100.0,20,0.17927165680269452,0.5975974553963762,57
HighestRedundancy,0.30000000000000004,80,800,100.0,20,0.20491388931875026,0.5758045093868787,18
HighestRedundancy,0.3500000000000001,80,800,100.0,20,0.2366129865336471,0.48917995454883423,6
HighestRedundancy,0.40000000000000013,80,800,100.0,20,0.27072486513856125,0.462734420533398,1
HighestRedundancy,0.45000000000000007,80,800,100.0,20,0.2964425467716341,0.44976699955704524,0
Greedy,0.1,90,800,100.0,20,0.12991970860344826,0.5341651112567714,466
Greedy,0.15000000000000002,90,800,100.0,20,0.12991970860344826,0.5341651112567714,272
Greedy,0.20000000000000004,90,800,100.0,20,0.12991970860344826,0.5341651112567714,132
Greedy,0.25000000000000006,90,800,100.0,20,0.12991970860344826,0.5341651112567714,63
Greedy,0.30000000000000004,90,800,100.0,20,0.12991970860344826,0.5341651112567714,33
Greedy,0.3500000000000001,90,800,100.0,20,0.12991970860344826,0.5341651112567714,14
Greedy,0.40000000000000013,90,800,100.0,20,0.12991970860344826,0.5341651112567714,6
Greedy,0.45000000000000007,90,800,100.0,20,0.12991970860344826,0.5341651112567714,2
Ranking,0.1,90,800,100.0,20,0.13134245470630238,0.4627427257105881,457
Ranking,0.15000000000000002,90,800,100.0,20,0.14072584356175885,0.5975974553963762,260
Ranking,0.20000000000000004,90,800,100.0,20,0.15193185050786234,0.5975974553963762,132
Ranking,0.25000000000000006,90,800,100.0,20,0.17580527346853855,0.5975974553963762,60
Ranking,0.30000000000000004,90,800,100.0,20,0.20362932055771987,0.5845447179276294,27
Ranking,0.3500000000000001,90,800,100.0,20,0.2334600209938342,0.5975974553963762,12
Ranking,0.40000000000000013,90,800,100.0,20,0.25848958627182705,0.5434820699528506,7
Ranking,0.45000000000000007,90,800,100.0,20,0.28734768025918844,0.5434820699528506,3
Random,0.1,90,800,100.0,20,0.1314077892375976,0.5246104536037072,468
Random,0.15000000000000002,90,800,100.0,20,0.1400485937992862,0.5246104536037072,262
Random,0.20000000000000004,90,800,100.0,20,0.1540877168003523,0.5975974553963762,131
Random,0.25000000000000006,90,800,100.0,20,0.17799502120680968,0.5975974553963762,73
Random,0.30000000000000004,90,800,100.0,20,0.20375275587899389,0.6628279211495371,30
Random,0.3500000000000001,90,800,100.0,20,0.22798864453654613,0.538613759300088,11
Random,0.40000000000000013,90,800,100.0,20,0.2585180555165212,0.5301114366100871,6
Random,0.45000000000000007,90,800,100.0,20,0.2908063245244626,0.6663559923181982,2
HighestRedundancy,0.1,90,800,100.0,20,0.13091605955639174,0.4627427257105881,454
HighestRedundancy,0.15000000000000002,90,800,100.0,20,0.1375013553210401,0.5434820699528506,247
HighestRedundancy,0.20000000000000004,90,800,100.0,20,0.15249249397044692,0.5975974553963762,121
HighestRedundancy,0.25000000000000006,90,800,100.0,20,0.17754635294215945,0.5975974553963762,44
HighestRedundancy,0.30000000000000004,90,800,100.0,20,0.20830435466179992,0.5758045093868787,14
HighestRedundancy,0.3500000000000001,90,800,100.0,20,0.23586511579412994,0.38513923597761224,4
HighestRedundancy,0.40000000000000013,90,800,100.0,20,0.2677637383481823,0.39993702145689186,0
HighestRedundancy,0.45000000000000007,90,800,100.0,20,0.2990626963205518,0.44976699955704524,0
Greedy,0.1,100,800,100.0,20,0.12338959541832327,0.4627427257105881,439
Greedy,0.15000000000000002,100,800,100.0,20,0.12338959541832327,0.4627427257105881,245
Greedy,0.20000000000000004,100,800,100.0,20,0.12338959541832327,0.4627427257105881,117
Greedy,0.25000000000000006,100,800,100.0,20,0.12338959541832327,0.4627427257105881,56
Greedy,0.30000000000000004,100,800,100.0,20,0.12338959541832327,0.4627427257105881,25
Greedy,0.3500000000000001,100,800,100.0,20,0.12338959541832327,0.4627427257105881,9
Greedy,0.40000000000000013,100,800,100.0,20,0.12338959541832327,0.4627427257105881,4
Greedy,0.45000000000000007,100,800,100.0,20,0.12338959541832327,0.4627427257105881,1
Ranking,0.1,100,800,100.0,20,0.12437470302074632,0.4465784994981025,436
Ranking,0.15000000000000002,100,800,100.0,20,0.13501762000287648,0.5341651112567714,237
Ranking,0.20000000000000004,100,800,100.0,20,0.14880170525462544,0.3871096049096228,112
Ranking,0.25000000000000006,100,800,100.0,20,0.1697004038039306,0.497145872608806,55
Ranking,0.30000000000000004,100,800,100.0,20,0.20277734726594282,0.5845447179276294,22
Ranking,0.3500000000000001,100,800,100.0,20,0.2319568368499528,0.46484378875713916,6
Ranking,0.40000000000000013,100,800,100.0,20,0.26408321363916015,0.5434820699528506,4
Ranking,0.45000000000000007,100,800,100.0,20,0.2859916868222526,0.47679967637258797,3
Random,0.1,100,800,100.0,20,0.12546518162784664,0.4465784994981025,440
Random,0.15000000000000002,100,800,100.0,20,0.13496484157598185,0.5246104536037072,239
Random,0.20000000000000004,100,800,100.0,20,0.14831423562315935,0.5434820699528506,110
Random,0.25000000000000006,100,800,100.0,20,0.1743226112935473,0.5220732307032094,49
Random,0.30000000000000004,100,800,100.0,20,0.2046791026678768,0.5463450435869024,16
Random,0.3500000000000001,100,800,100.0,20,0.23008224141972733,0.4937348922692937,4
Random,0.40000000000000013,100,800,100.0,20,0.26054188691379015,0.45710696455383154,1
Random,0.45000000000000007,100,800,100.0,20,0.2885097539940007,0.44930905697019197,0
HighestRedundancy,0.1,100,800,100.0,20,0.12480566606767261,0.4360623810029561,436
HighestRedundancy,0.15000000000000002,100,800,100.0,20,0.1343020161367131,0.5246104536037072,223
HighestRedundancy,0.20000000000000004,100,800,100.0,20,0.14820224157096373,0.4146081201104348,97
HighestRedundancy,0.25000000000000006,100,800,100.0,20,0.17692166068440435,0.5845447179276294,28
HighestRedundancy,0.30000000000000004,100,800,100.0,20,0.20382437327055192,0.38513923597761224,10
HighestRedundancy,0.3500000000000001,100,800,100.0,20,0.23643246486264105,0.34994894616446076,0
HighestRedundancy,0.40000000000000013,100,800,100.0,20,0.26881592368947266,0.39993702145689186,0
HighestRedundancy,0.45000000000000007,100,800,100.0,20,0.3020667107542189,0.4498930990834894,0
Greedy,0.1,110,800,100.0,20,0.11708740964296395,0.43139457224430044,409
Greedy,0.15000000000000002,110,800,100.0,20,0.11708740964296395,0.43139457224430044,223
Greedy,0.20000000000000004,110,800,100.0,20,0.11708740964296395,0.43139457224430044,104
Greedy,0.25000000000000006,110,800,100.0,20,0.11708740964296395,0.43139457224430044,49
Greedy,0.30000000000000004,110,800,100.0,20,0.11708740964296395,0.43139457224430044,20
Greedy,0.3500000000000001,110,800,100.0,20,0.11708740964296395,0.43139457224430044,7
Greedy,0.40000000000000013,110,800,100.0,20,0.11708740964296395,0.43139457224430044,1
Greedy,0.45000000000000007,110,800,100.0,20,0.11708740964296395,0.43139457224430044,0
Ranking,0.1,110,800,100.0,20,0.1190494559116246,0.4360623810029561,409
Ranking,0.15000000000000002,110,800,100.0,20,0.13071223662683662,0.42336689459150495,222
Ranking,0.20000000000000004,110,800,100.0,20,0.14570240151823602,0.4104721410953489,106
Ranking,0.25000000000000006,110,800,100.0,20,0.172276871662714,0.5734943715253874,35
Ranking,0.30000000000000004,110,800,100.0,20,0.20099073010884477,0.5758045093868787,15
Ranking,0.3500000000000001,110,800,100.0,20,0.2310262895397873,0.484191600584787,10
Ranking,0.40000000000000013,110,800,100.0,20,0.2611715120710196,0.5434820699528506,1
Ranking,0.45000000000000007,110,800,100.0,20,0.28852413132672927,0.614418042144311,4
Random,0.1,110,800,100.0,20,0.11836295167002894,0.3896357978925165,412
Random,0.15000000000000002,110,800,100.0,20,0.12815167819900555,0.3663745807628205,208
Random,0.20000000000000004,110,800,100.0,20,0.14684139785881054,0.4501379951260914,96
Random,0.25000000000000006,110,800,100.0,20,0.1709728978336406,0.4395868952633107,37
Random,0.30000000000000004,110,800,100.0,20,0.19347664994433245,0.37210792225662,6
Random,0.3500000000000001,110,800,100.0,20,0.2282057011573639,0.4465784994981025,7
Random,0.40000000000000013,110,800,100.0,20,0.2605984262282465,0.4146081201104348,1
Random,0.45000000000000007,110,800,100.0,20,0.29308307225334485,0.44999916108800747,0
HighestRedundancy,0.1,110,800,100.0,20,0.11909071563801499,0.4360623810029561,408
HighestRedundancy,0.15000000000000002,110,800,100.0,20,0.1281097880389101,0.4360623810029561,196
HighestRedundancy,0.20000000000000004,110,800,100.0,20,0.14414052076884049,0.48215025807077644,79
HighestRedundancy,0.25000000000000006,110,800,100.0,20,0.1722457262732355,0.3663745807628205,15
HighestRedundancy,0.30000000000000004,110,800,100.0,20,0.2054614233490569,0.3337929471811266,3
HighestRedundancy,0.3500000000000001,110,800,100.0,20,0.23959614923584685,0.3495608875131073,0
HighestRedundancy,0.40000000000000013,110,800,100.0,20,0.27199796061073533,0.3999589026244316,0
HighestRedundancy,0.45000000000000007,110,800,100.0,20,0.30059956732896553,0.44992473285491646,0
Greedy,0.1,120,800,100.0,20,0.1111827287092819,0.3701911081411267,385
Greedy,0.15000000000000002,120,800,100.0,20,0.1111827287092819,0.3701911081411267,196
Greedy,0.20000000000000004,120,800,100.0,20,0.1111827287092819,0.3701911081411267,89
Greedy,0.25000000000000006,120,800,100.0,20,0.1111827287092819,0.3701911081411267,39
Greedy,0.30000000000000004,120,800,100.0,20,0.1111827287092819,0.3701911081411267,14
Greedy,0.3500000000000001,120,800,100.0,20,0.1111827287092819,0.3701911081411267,4
Greedy,0.40000000000000013,120,800,100.0,20,0.1111827287092819,0.3701911081411267,0
Greedy,0.45000000000000007,120,800,100.0,20,0.1111827287092819,0.3701911081411267,0
Ranking,0.1,120,800,100.0,20,0.1133760173478597,0.43139457224430044,382
Ranking,0.15000000000000002,120,800,100.0,20,0.12359613555965103,0.37854954807411173,187
Ranking,0.20000000000000004,120,800,100.0,20,0.14173710681236382,0.3912361135756754,74
Ranking,0.25000000000000006,120,800,100.0,20,0.16967217034868629,0.4334605455314617,29
Ranking,0.30000000000000004,120,800,100.0,20,0.20003472998798538,0.5332908077956473,8
Ranking,0.3500000000000001,120,800,100.0,20,0.22827737624334063,0.4334605455314617,5
Ranking,0.40000000000000013,120,800,100.0,20,0.25695367624215104,0.5434820699528506,3
Ranking,0.45000000000000007,120,800,100.0,20,0.2904423553942704,0.5434820699528506,2
Random,0.1,120,800,100.0,20,0.11336803679284026,0.43139457224430044,375
Random,0.15000000000000002,120,800,100.0,20,0.12603466746833758,0.4146081201104348,202
Random,0.20000000000000004,120,800,100.0,20,0.145141036231841,0.43139457224430044,79
Random,0.25000000000000006,120,800,100.0,20,0.167144533537281,0.4465784994981025,20
Random,0.30000000000000004,120,800,100.0,20,0.19534779769246813,0.5246104536037072,9
Random,0.3500000000000001,120,800,100.0,20,0.23128249401636414,0.3822938149416167,1
Random,0.40000000000000013,120,800,100.0,20,0.25402272355827593,0.3999457373570921,0
Random,0.45000000000000007,120,800,100.0,20,0.28348192459323285,0.4499002789764435,0
HighestRedundancy,0.1,120,800,100.0,20,0.11344510133398732,0.3701911081411267,378
HighestRedundancy,0.15000000000000002,120,800,100.0,20,0.12353485315021942,0.40486601085147805,176
HighestRedundancy,0.20000000000000004,120,800,100.0,20,0.13912090146618186,0.3822938149416167,59
HighestRedundancy,0.25000000000000006,120,800,100.0,20,0.17493108365932517,0.330943507300727,17
HighestRedundancy,0.30000000000000004,120,800,100.0,20,0.20137530993124247,0.31345891676562154,1
HighestRedundancy,0.3500000000000001,120,800,100.0,20,0.23582604323909412,0.34911074578206924,0
HighestRedundancy,0.40000000000000013,120,800,100.0,20,0.2682234633351376,0.39993702145689186,0
HighestRedundancy,0.45000000000000007,120,800,100.0,20,0.30175743502203933,0.44976699955704524,0
Greedy,0.1,130,800,100.0,20,0.10620710414145745,0.3701911081411267,362
Greedy,0.15000000000000002,130,800,100.0,20,0.10620710414145745,0.3701911081411267,179
Greedy,0.20000000000000004,130,800,100.0,20,0.10620710414145745,0.3701911081411267,73
Greedy,0.25000000000000006,130,800,100.0,20,0.10620710414145745,0.3701911081411267,32
Greedy,0.30000000000000004,130,800,100.0,20,0.10620710414145745,0.3701911081411267,12
Greedy,0.3500000000000001,130,800,100.0,20,0.10620710414145745,0.3701911081411267,3
Greedy,0.40000000000000013,130,800,100.0,20,0.10620710414145745,0.3701911081411267,0
Greedy,0.45000000000000007,130,800,100.0,20,0.10620710414145745,0.3701911081411267,0
Ranking,0.1,130,800,100.0,20,0.11022731212019268,0.3580180858254019,362
Ranking,0.15000000000000002,130,800,100.0,20,0.12139314981089776,0.3580180858254019,177
Ranking,0.20000000000000004,130,800,100.0,20,0.14053246812164408,0.3580180858254019,63
Ranking,0.25000000000000006,130,800,100.0,20,0.16903931140067424,0.4334605455314617,21
Ranking,0.30000000000000004,130,800,100.0,20,0.20479847562417472,0.3896357978925165,7
Ranking,0.3500000000000001,130,800,100.0,20,0.23237246229752667,0.4334605455314617,2
Ranking,0.40000000000000013,130,800,100.0,20,0.26196658921010546,0.3999941505563828,0
Ranking,0.45000000000000007,130,800,100.0,20,0.2854267110980028,0.4499754870738074,0
Random,0.1,130,800,100.0,20,0.11140567993490143,0.3701911081411267,366
Random,0.15000000000000002,130,800,100.0,20,0.11951919164488498,0.4501379951260914,159
Random,0.20000000000000004,130,800,100.0,20,0.13807616965292488,0.3552522006827922,57
Random,0.25000000000000006,130,800,100.0,20,0.1662409847808681,0.3569052197089137,14
Random,0.30000000000000004,130,800,100.0,20,0.19999877382148412,0.3561016343642151,5
Random,0.3500000000000001,130,800,100.0,20,0.23218420444810672,0.38513923597761224,5
Random,0.40000000000000013,130,800,100.0,20,0.26273191681615604,0.4346071689622229,1
Random,0.45000000000000007,130,800,100.0,20,0.2856166672954604,0.4499754870738074,0
HighestRedundancy,0.1,130,800,100.0,20,0.10938382817977821,0.3701911081411267,358
HighestRedundancy,0.15000000000000002,130,800,100.0,20,0.11909237453269225,0.3569052197089137,156
HighestRedundancy,0.20000000000000004,130,800,100.0,20,0.14127949448139426,0.4077299669970764,52
HighestRedundancy,0.25000000000000006,130,800,100.0,20,0.17150086752294333,0.3604367422841038,8
HighestRedundancy,0.30000000000000004,130,800,100.0,20,0.2044832559897934,0.31345891676562154,1
HighestRedundancy,0.3500000000000001,130,800,100.0,20,0.24163087665823832,0.34994357461579506,0
HighestRedundancy,0.40000000000000013,130,800,100.0,20,0.27019983183344526,0.3999941505563828,0
HighestRedundancy,0.45000000000000007,130,800,100.0,20,0.30409478780076304,0.44976699955704524,0
Greedy,0.1,140,800,100.0,20,0.10209259331348257,0.3701911081411267,342
Greedy,0.15000000000000002,140,800,100.0,20,0.10209259331348257,0.3701911081411267,161
Greedy,0.20000000000000004,140,800,100.0,20,0.10209259331348257,0.3701911081411267,64
Greedy,0.25000000000000006,140,800,100.0,20,0.10209259331348257,0.3701911081411267,27
Greedy,0.30000000000000004,140,800,100.0,20,0.10209259331348257,0.3701911081411267,10
Greedy,0.3500000000000001,140,800,100.0,20,0.10209259331348257,0.3701911081411267,1
Greedy,0.40000000000000013,140,800,100.0,20,0.10209259331348257,0.3701911081411267,0
Greedy,0.45000000000000007,140,800,100.0,20,0.10209259331348257,0.3701911081411267,0
Ranking,0.1,140,800,100.0,20,0.10679380540477808,0.3554644173308963,342
Ranking,0.15000000000000002,140,800,100.0,20,0.11840580246365583,0.39440439774598024,154
Ranking,0.20000000000000004,140,800,100.0,20,0.14196816143826654,0.4501379951260914,65
Ranking,0.25000000000000006,140,800,100.0,20,0.16785615481620678,0.3688405553168782,18
Ranking,0.30000000000000004,140,800,100.0,20,0.20270567666984896,0.48917995454883423,11
Ranking,0.3500000000000001,140,800,100.0,20,0.2329855814075184,0.4334605455314617,3
Ranking,0.40000000000000013,140,800,100.0,20,0.25891421946696574,0.47679967637258797,3
Ranking,0.45000000000000007,140,800,100.0,20,0.2867456038113237,0.48403715070041864,2
Random,0.1,140,800,100.0,20,0.10693638758582505,0.3701911081411267,342
Random,0.15000000000000002,140,800,100.0,20,0.1203525668506772,0.4501379951260914,149
Random,0.20000000000000004,140,800,100.0,20,0.1394650414351862,0.3701911081411267,53
Random,0.25000000000000006,140,800,100.0,20,0.16882348590010143,0.3094685669975801,9
Random,0.30000000000000004,140,800,100.0,20,0.19850396681221677,0.3094685669975801,1
Random,0.3500000000000001,140,800,100.0,20,0.23151153238860883,0.3561016343642151,1
Random,0.40000000000000013,140,800,100.0,20,0.258896136507215,0.3999633708742564,0
Random,0.45000000000000007,140,800,100.0,20,0.2828753404146093,0.44999916108800747,0
HighestRedundancy,0.1,140,800,100.0,20,0.10569236279754245,0.35349719160570425,340
HighestRedundancy,0.15000000000000002,140,800,100.0,20,0.11656251955071507,0.3569052197089137,138
HighestRedundancy,0.20000000000000004,140,800,100.0,20,0.13900990234641106,0.3896357978925165,39
HighestRedundancy,0.25000000000000006,140,800,100.0,20,0.1733202559831245,0.4647584369851147,5
HighestRedundancy,0.30000000000000004,140,800,100.0,20,0.2010662613073102,0.3337929471811266,2
HighestRedundancy,0.3500000000000001,140,800,100.0,20,0.2368971417874684,0.3498065943843808,0
HighestRedundancy,0.40000000000000013,140,800,100.0,20,0.27174423272424925,0.3999958684321218,0
HighestRedundancy,0.45000000000000007,140,800,100.0,20,0.30082758517490077,0.44997193066803426,0
Greedy,0.1,150,800,100.0,20,0.09836650178954093,0.35349719160570425,328
Greedy,0.15000000000000002,150,800,100.0,20,0.09836650178954093,0.35349719160570425,142
Greedy,0.20000000000000004,150,800,100.0,20,0.09836650178954093,0.35349719160570425,56
Greedy,0.25000000000000006,150,800,100.0,20,0.09836650178954093,0.35349719160570425,20
Greedy,0.30000000000000004,150,800,100.0,20,0.09836650178954093,0.35349719160570425,7
Greedy,0.3500000000000001,150,800,100.0,20,0.09836650178954093,0.35349719160570425,1
Greedy,0.40000000000000013,150,800,100.0,20,0.09836650178954093,0.35349719160570425,0
Greedy,0.45000000000000007,150,800,100.0,20,0.09836650178954093,0.35349719160570425,0
Ranking,0.1,150,800,100.0,20,0.10322071313002194,0.3554644173308963,324
Ranking,0.15000000000000002,150,800,100.0,20,0.1173476229738654,0.34786227004179776,140
Ranking,0.20000000000000004,150,800,100.0,20,0.13880336575222005,0.3912361135756754,50
Ranking,0.25000000000000006,150,800,100.0,20,0.1655631366410805,0.3688405553168782,13
Ranking,0.30000000000000004,150,800,100.0,20,0.19738426855043575,0.37116172135716263,4
Ranking,0.3500000000000001,150,800,100.0,20,0.23074601226263713,0.4334605455314617,2
Ranking,0.40000000000000013,150,800,100.0,20,0.2611276397074875,0.42144297523696594,1
Ranking,0.45000000000000007,150,800,100.0,20,0.2883590371404041,0.4654072255814352,1
Random,0.1,150,800,100.0,20,0.1029094234003337,0.3554644173308963,324
Random,0.15000000000000002,150,800,100.0,20,0.11449373618479601,0.34786227004179776,129
Random,0.20000000000000004,150,800,100.0,20,0.13648430847628584,0.3272063926946989,48
Random,0.25000000000000006,150,800,100.0,20,0.16758741883144362,0.34786227004179776,10
Random,0.30000000000000004,150,800,100.0,20,0.19266111465099045,0.36199193023831894,3
Random,0.3500000000000001,150,800,100.0,20,0.2283831832484963,0.3695071934726631,1
Random,0.40000000000000013,150,800,100.0,20,0.25703479479176516,0.3999673138496567,0
Random,0.45000000000000007,150,800,100.0,20,0.28774914223940906,0.4499754870738074,0
HighestRedundancy,0.1,150,800,100.0,20,0.10172053073130892,0.35349719160570425,317
HighestRedundancy,0.15000000000000002,150,800,100.0,20,0.11397670679028624,0.3569052197089137,121
HighestRedundancy,0.20000000000000004,150,800,100.0,20,0.1384300512252324,0.3569052197089137,39
HighestRedundancy,0.25000000000000006,150,800,100.0,20,0.17081066233813416,0.33502278379058265,3
HighestRedundancy,0.30000000000000004,150,800,100.0,20,0.20530534980538423,0.2993855009330743,0
HighestRedundancy,0.3500000000000001,150,800,100.0,20,0.23670272564845743,0.34917819808201556,0
HighestRedundancy,0.40000000000000013,150,800,100.0,20,0.2656108324901962,0.39993702145689186,0
HighestRedundancy,0.45000000000000007,150,800,100.0,20,0.3018566873940386,0.44976699955704524,0
Greedy,0.1,160,800,100.0,20,0.09596461275839632,0.35349719160570425,314
Greedy,0.15000000000000002,160,800,100.0,20,0.09596461275839632,0.35349719160570425,133
Greedy,0.20000000000000004,160,800,100.0,20,0.09596461275839632,0.35349719160570425,50
Greedy,0.25000000000000006,160,800,100.0,20,0.09596461275839632,0.35349719160570425,19
Greedy,0.30000000000000004,160,800,100.0,20,0.09596461275839632,0.35349719160570425,7
Greedy,0.3500000000000001,160,800,100.0,20,0.09596461275839632,0.35349719160570425,1
Greedy,0.40000000000000013,160,800,100.0,20,0.09596461275839632,0.35349719160570425,0
Greedy,0.45000000000000007,160,800,100.0,20,0.09596461275839632,0.35349719160570425,0
Ranking,0.1,160,800,100.0,20,0.10174695594182381,0.3580180858254019,323
Ranking,0.15000000000000002,160,800,100.0,20,0.11395150639659953,0.3580180858254019,125
Ranking,0.20000000000000004,160,800,100.0,20,0.13685145987850855,0.3822938149416167,45
Ranking,0.25000000000000006,160,800,100.0,20,0.16712821276235804,0.3896357978925165,11
Ranking,0.30000000000000004,160,800,100.0,20,0.1960720397616737,0.4334605455314617,4
Ranking,0.3500000000000001,160,800,100.0,20,0.23029246481797727,0.4334605455314617,1
Ranking,0.40000000000000013,160,800,100.0,20,0.2587387741203383,0.39993702145689186,0
Ranking,0.45000000000000007,160,800,100.0,20,0.28715271512892354,0.4654072255814352,1
Random,0.1,160,800,100.0,20,0.10155936311550667,0.3580180858254019,315
Random,0.15000000000000002,160,800,100.0,20,0.11542985545674248,0.3688405553168782,119
Random,0.20000000000000004,160,800,100.0,20,0.13992638729957613,0.4170223926859831,44
Random,0.25000000000000006,160,800,100.0,20,0.16438008713471108,0.3094685669975801,5
Random,0.30000000000000004,160,800,100.0,20,0.19906560606133553,0.3663745807628205,3
Random,0.3500000000000001,160,800,100.0,20,0.22848878939179934,0.4442195662192663,1
Random,0.40000000000000013,160,800,100.0,20,0.26205260517699597,0.3995571348762626,0
Random,0.45000000000000007,160,800,100.0,20,0.2937873307477134,0.4491776669064828,0
HighestRedundancy,0.1,160,800,100.0,20,0.0996450744255746,0.3483123235289803,308
HighestRedundancy,0.15000000000000002,160,800,100.0,20,0.11225555540187361,0.3569052197089137,112
HighestRedundancy,0.20000000000000004,160,800,100.0,20,0.13675229409166215,0.3569052197089137,26
HighestRedundancy,0.25000000000000006,160,800,100.0,20,0.17461488283048104,0.33502278379058265,2
HighestRedundancy,0.30000000000000004,160,800,100.0,20,0.2056651443355905,0.29995558898294294,0
HighestRedundancy,0.3500000000000001,160,800,100.0,20,0.2354497030880806,0.34994357461579506,0
HighestRedundancy,0.40000000000000013,160,800,100.0,20,0.26889362799124816,0.39993702145689186,0
HighestRedundancy,0.45000000000000007,160,800,100.0,20,0.30505764657964873,0.4499344738548487,0
Greedy,0.1,170,800,100.0,20,0.0936078685395593,0.35349719160570425,301
Greedy,0.15000000000000002,170,800,100.0,20,0.0936078685395593,0.35349719160570425,123
Greedy,0.20000000000000004,170,800,100.0,20,0.0936078685395593,0.35349719160570425,46
Greedy,0.25000000000000006,170,800,100.0,20,0.0936078685395593,0.35349719160570425,17
Greedy,0.30000000000000004,170,800,100.0,20,0.0936078685395593,0.35349719160570425,5
Greedy,0.3500000000000001,170,800,100.0,20,0.0936078685395593,0.35349719160570425,1
Greedy,0.40000000000000013,170,800,100.0,20,0.0936078685395593,0.35349719160570425,0
Greedy,0.45000000000000007,170,800,100.0,20,0.0936078685395593,0.35349719160570425,0
Ranking,0.1,170,800,100.0,20,0.09855188532141711,0.3483123235289803,300
Ranking,0.15000000000000002,170,800,100.0,20,0.113486276559312,0.34786227004179776,115
Ranking,0.20000000000000004,170,800,100.0,20,0.1383201266343996,0.3569052197089137,50
Ranking,0.25000000000000006,170,800,100.0,20,0.16717763153694543,0.42050166373450065,7
Ranking,0.30000000000000004,170,800,100.0,20,0.2014745679021715,0.4334605455314617,10
Ranking,0.3500000000000001,170,800,100.0,20,0.23219135870020213,0.4334605455314617,3
Ranking,0.40000000000000013,170,800,100.0,20,0.2618344259911434,0.47679967637258797,2
Ranking,0.45000000000000007,170,800,100.0,20,0.28625423196883365,0.48403715070041864,3
Random,0.1,170,800,100.0,20,0.10006916696093691,0.35349719160570425,304
Random,0.15000000000000002,170,800,100.0,20,0.11179866008946235,0.4077299669970764,110
Random,0.20000000000000004,170,800,100.0,20,0.1347692569304829,0.3701911081411267,31
Random,0.25000000000000006,170,800,100.0,20,0.16310094979117745,0.3554644173308963,7
Random,0.30000000000000004,170,800,100.0,20,0.19763657460367984,0.29996089030188805,0
Random,0.3500000000000001,170,800,100.0,20,0.22583637112852362,0.34993551160633146,0
Random,0.40000000000000013,170,800,100.0,20,0.2536603286994096,0.39996905776880576,0
Random,0.45000000000000007,170,800,100.0,20,0.28854836559531966,0.4499754870738074,0
HighestRedundancy,0.1,170,800,100.0,20,0.09808261971234651,0.34786227004179776,295
HighestRedundancy,0.15000000000000002,170,800,100.0,20,0.11069166448059661,0.3569052197089137,102
HighestRedundancy,0.20000000000000004,170,800,100.0,20,0.13665461060811826,0.3569052197089137,22
HighestRedundancy,0.25000000000000006,170,800,100.0,20,0.17338272904084046,0.3094685669975801,2
HighestRedundancy,0.30000000000000004,170,800,100.0,20,0.20427786943734333,0.2998590859615085,0
HighestRedundancy,0.3500000000000001,170,800,100.0,20,0.23514899916919624,0.3492154351939621,0
HighestRedundancy,0.40000000000000013,170,800,100.0,20,0.2707598125365102,0.3999958684321218,0
HighestRedundancy,0.45000000000000007,170,800,100.0,20,0.3040462868626696,0.4497799336605413,0
Greedy,0.1,180,800,100.0,20,0.09117345229259292,0.3483123235289803,288
Greedy,0.15000000000000002,180,800,100.0,20,0.09117345229259292,0.3483123235289803,118
Greedy,0.20000000000000004,180,800,100.0,20,0.09117345229259292,0.3483123235289803,39
Greedy,0.25000000000000006,180,800,100.0,20,0.09117345229259292,0.3483123235289803,11
Greedy,0.30000000000000004,180,800,100.0,20,0.09117345229259292,0.3483123235289803,3
Greedy,0.3500000000000001,180,800,100.0,20,0.09117345229259292,0.3483123235289803,0
Greedy,0.40000000000000013,180,800,100.0,20,0.09117345229259292,0.3483123235289803,0
Greedy,0.45000000000000007,180,800,100.0,20,0.09117345229259292,0.3483123235289803,0
Ranking,0.1,180,800,100.0,20,0.09810993446394856,0.3483123235289803,295
Ranking,0.15000000000000002,180,800,100.0,20,0.1119717487881414,0.3552522006827922,106
Ranking,0.20000000000000004,180,800,100.0,20,0.13602734809992056,0.3569052197089137,31
Ranking,0.25000000000000006,180,800,100.0,20,0.16414673169152139,0.3688405553168782,6
Ranking,0.30000000000000004,180,800,100.0,20,0.20070896694792204,0.48017510160996923,3
Ranking,0.3500000000000001,180,800,100.0,20,0.23343017794645907,0.42050166373450065,3
Ranking,0.40000000000000013,180,800,100.0,20,0.26129682644569835,0.5434820699528506,4
Ranking,0.45000000000000007,180,800,100.0,20,0.29413782929109816,0.5434820699528506,1
Random,0.1,180,800,100.0,20,0.09556638918042619,0.34786227004179776,278
Random,0.15000000000000002,180,800,100.0,20,0.1120474172045772,0.3569052197089137,111
Random,0.20000000000000004,180,800,100.0,20,0.13736335317471757,0.3453092559377578,23
Random,0.25000000000000006,180,800,100.0,20,0.16757237439572237,0.3822938149416167,5
Random,0.30000000000000004,180,800,100.0,20,0.1963459431506429,0.32051732052010834,2
Random,0.3500000000000001,180,800,100.0,20,0.2212002790422878,0.3490976177917042,0
Random,0.40000000000000013,180,800,100.0,20,0.25478692426690097,0.3999457373570921,0
Random,0.45000000000000007,180,800,100.0,20,0.2866791336856963,0.44977800212898333,0
HighestRedundancy,0.1,180,800,100.0,20,0.09705991795539827,0.34786227004179776,292
HighestRedundancy,0.15000000000000002,180,800,100.0,20,0.11111821227127258,0.3569052197089137,94
HighestRedundancy,0.20000000000000004,180,800,100.0,20,0.13454334973690413,0.3569052197089137,15
HighestRedundancy,0.25000000000000006,180,800,100.0,20,0.17064766827383007,0.2778093015372801,1
HighestRedundancy,0.30000000000000004,180,800,100.0,20,0.20215649956352966,0.2998590859615085,0
HighestRedundancy,0.3500000000000001,180,800,100.0,20,0.24070945415524797,0.34994357461579506,0
HighestRedundancy,0.40000000000000013,180,800,100.0,20,0.26871576722598145,0.39997696072090255,0
HighestRedundancy,0.45000000000000007,180,800,100.0,20,0.2993991722521283,0.44992473285491646,0
Greedy,0.1,190,800,100.0,20,0.08989257603533035,0.34786227004179776,281
Greedy,0.15000000000000002,190,800,100.0,20,0.08989257603533035,0.34786227004179776,110
Greedy,0.20000000000000004,190,800,100.0,20,0.08989257603533035,0.34786227004179776,38
Greedy,0.25000000000000006,190,800,100.0,20,0.08989257603533035,0.34786227004179776,11
Greedy,0.30000000000000004,190,800,100.0,20,0.08989257603533035,0.34786227004179776,2
Greedy,0.3500000000000001,190,800,100.0,20,0.08989257603533035,0.34786227004179776,0
Greedy,0.40000000000000013,190,800,100.0,20,0.08989257603533035,0.34786227004179776,0
Greedy,0.45000000000000007,190,800,100.0,20,0.08989257603533035,0.34786227004179776,0
Ranking,0.1,190,800,100.0,20,0.09597746444499142,0.3087517430233118,283
Ranking,0.15000000000000002,190,800,100.0,20,0.11086942020409321,0.3087517430233118,101
Ranking,0.20000000000000004,190,800,100.0,20,0.1365291205976518,0.3087517430233118,29
Ranking,0.25000000000000006,190,800,100.0,20,0.16311979995483106,0.3087517430233118,6
Ranking,0.30000000000000004,190,800,100.0,20,0.1970801654701193,0.303233907403766,1
Ranking,0.3500000000000001,190,800,100.0,20,0.23468555024019494,0.34998603441599574,0
Ranking,0.40000000000000013,190,800,100.0,20,0.2614194266049965,0.39993702145689186,0
Ranking,0.45000000000000007,190,800,100.0,20,0.29114311845348995,0.4499754870738074,0
Random,0.1,190,800,100.0,20,0.09666845405098468,0.35349719160570425,282
Random,0.15000000000000002,190,800,100.0,20,0.10869203372519803,0.2679969261092508,89
Random,0.20000000000000004,190,800,100.0,20,0.1357183922133415,0.2898622082714816,27
Random,0.25000000000000006,190,800,100.0,20,0.1629937268334617,0.29870340684474195,5
Random,0.30000000000000004,190,800,100.0,20,0.19316102475427846,0.29995209440646586,0
Random,0.3500000000000001,190,800,100.0,20,0.22736316304344606,0.34954259284483136,0
Random,0.40000000000000013,190,800,100.0,20,0.25790269440382046,0.3998396397032822,0
Random,0.45000000000000007,190,800,100.0,20,0.28652309771894097,0.4495440468876476,0
HighestRedundancy,0.1,190,800,100.0,20,0.0955804731675881,0.34786227004179776,275
HighestRedundancy,0.15000000000000002,190,800,100.0,20,0.11003648046259926,0.30358807828684886,84
HighestRedundancy,0.20000000000000004,190,800,100.0,20,0.1350357916166493,0.2835622900929265,13
HighestRedundancy,0.25000000000000006,190,800,100.0,20,0.1716974631486732,0.3319293679771378,1
HighestRedundancy,0.30000000000000004,190,800,100.0,20,0.2035841100050313,0.29999380406811327,0
HighestRedundancy,0.3500000000000001,190,800,100.0,20,0.2360940598477821,0.34994357461579506,0
HighestRedundancy,0.40000000000000013,190,800,100.0,20,0.26929961078627107,0.3999958684321218,0
HighestRedundancy,0.45000000000000007,190,800,100.0,20,0.30126651432490914,0.44992473285491646,0
Greedy,0.1,200,800,100.0,20,0.08822401827803046,0.34786227004179776,273
Greedy,0.15000000000000002,200,800,100.0,20,0.08822401827803046,0.34786227004179776,107
Greedy,0.20000000000000004,200,800,100.0,20,0.08822401827803046,0.34786227004179776,33
Greedy,0.25000000000000006,200,800,100.0,20,0.08822401827803046,0.34786227004179776,10
Greedy,0.30000000000000004,200,800,100.0,20,0.08822401827803046,0.34786227004179776,2
Greedy,0.3500000000000001,200,800,100.0,20,0.08822401827803046,0.34786227004179776,0
Greedy,0.40000000000000013,200,800,100.0,20,0.08822401827803046,0.34786227004179776,0
Greedy,0.45000000000000007,200,800,100.0,20,0.08822401827803046,0.34786227004179776,0
Ranking,0.1,200,800,100.0,20,0.09339624160318975,0.34786227004179776,270
Ranking,0.15000000000000002,200,800,100.0,20,0.10826294874803505,0.34786227004179776,89
Ranking,0.20000000000000004,200,800,100.0,20,0.133095331805622,0.2835622900929265,18
Ranking,0.25000000000000006,200,800,100.0,20,0.16493770100909838,0.3087517430233118,7
Ranking,0.30000000000000004,200,800,100.0,20,0.1976501756226949,0.35615458078376694,2
Ranking,0.3500000000000001,200,800,100.0,20,0.2287157800469352,0.3612342024693227,1
Ranking,0.40000000000000013,200,800,100.0,20,0.26122767304585454,0.42050166373450065,1
Ranking,0.45000000000000007,200,800,100.0,20,0.2834821081308248,0.4654072255814352,1
Random,0.1,200,800,100.0,20,0.0953871644029501,0.35349719160570425,278
Random,0.15000000000000002,200,800,100.0,20,0.10929363719449402,0.35349719160570425,89
Random,0.20000000000000004,200,800,100.0,20,0.13309514278491716,0.34786227004179776,25
Random,0.25000000000000006,200,800,100.0,20,0.16466107241666617,0.2835622900929265,2
Random,0.30000000000000004,200,800,100.0,20,0.19395596193287928,0.2999732716256317,0
Random,0.3500000000000001,200,800,100.0,20,0.22515236526929447,0.3617369252664037,1
Random,0.40000000000000013,200,800,100.0,20,0.25844657710437613,0.39997696072090255,0
Random,0.45000000000000007,200,800,100.0,20,0.2861829530949382,0.4499221588971531,0
HighestRedundancy,0.1,200,800,100.0,20,0.0939187299662111,0.34786227004179776,264
HighestRedundancy,0.15000000000000002,200,800,100.0,20,0.10758600610037146,0.3087517430233118,73
HighestRedundancy,0.20000000000000004,200,800,100.0,20,0.13359520285878487,0.2835622900929265,9
HighestRedundancy,0.25000000000000006,200,800,100.0,20,0.17139220170005107,0.24999560789865796,0
HighestRedundancy,0.30000000000000004,200,800,100.0,20,0.20460068539171783,0.2998465589730953,0
HighestRedundancy,0.3500000000000001,200,800,100.0,20,0.23662374821011248,0.34994357461579506,0
HighestRedundancy,0.40000000000000013,200,800,100.0,20,0.26795850183862086,0.3999673138496567,0
HighestRedundancy,0.45000000000000007,200,800,100.0,20,0.3035756576275389,0.44997193066803426,0
Greedy,0.1,210,800,100.0,20,0.08658969863337751,0.34786227004179776,260
Greedy,0.15000000000000002,210,800,100.0,20,0.08658969863337751,0.34786227004179776,103
Greedy,0.20000000000000004,210,800,100.0,20,0.08658969863337751,0.34786227004179776,32
Greedy,0.25000000000000006,210,800,100.0,20,0.08658969863337751,0.34786227004179776,10
Greedy,0.30000000000000004,210,800,100.0,20,0.08658969863337751,0.34786227004179776,2
Greedy,0.3500000000000001,210,800,100.0,20,0.08658969863337751,0.34786227004179776,0
Greedy,0.40000000000000013,210,800,100.0,20,0.08658969863337751,0.34786227004179776,0
Greedy,0.45000000000000007,210,800,100.0,20,0.08658969863337751,0.34786227004179776,0
Ranking,0.1,210,800,100.0,20,0.09232663397280742,0.34786227004179776,271
Ranking,0.15000000000000002,210,800,100.0,20,0.10950771493527219,0.3569052197089137,100
Ranking,0.20000000000000004,210,800,100.0,20,0.1348939442760624,0.32382685698763347,25
Ranking,0.25000000000000006,210,800,100.0,20,0.16571120097630676,0.29870340684474195,4
Ranking,0.30000000000000004,210,800,100.0,20,0.19689423415437227,0.42050166373450065,4
Ranking,0.3500000000000001,210,800,100.0,20,0.23137392802826193,0.34994357461579506,0
Ranking,0.40000000000000013,210,800,100.0,20,0.2610138856685196,0.39993702145689186,0
Ranking,0.45000000000000007,210,800,100.0,20,0.28732345327175396,0.4654072255814352,1
Random,0.1,210,800,100.0,20,0.09290975031211189,0.34786227004179776,263
Random,0.15000000000000002,210,800,100.0,20,0.11072901914500598,0.3087517430233118,86
Random,0.20000000000000004,210,800,100.0,20,0.13469312976948836,0.34786227004179776,19
Random,0.25000000000000006,210,800,100.0,20,0.1618483769041353,0.24975491216778234,0
Random,0.30000000000000004,210,800,100.0,20,0.19918672125436734,0.30582733840535636,1
Random,0.3500000000000001,210,800,100.0,20,0.23128271422199873,0.34925597409913745,0
Random,0.40000000000000013,210,800,100.0,20,0.2573338544665758,0.3999376139229475,0
Random,0.45000000000000007,210,800,100.0,20,0.28791332581607476,0.44979670872252847,0
HighestRedundancy,0.1,210,800,100.0,20,0.09281114495950364,0.34786227004179776,258
HighestRedundancy,0.15000000000000002,210,800,100.0,20,0.10684723331684187,0.3087517430233118,69
HighestRedundancy,0.20000000000000004,210,800,100.0,20,0.1328367120861795,0.2835622900929265,6
HighestRedundancy,0.25000000000000006,210,800,100.0,20,0.16880023512409859,0.24999560789865796,0
HighestRedundancy,0.30000000000000004,210,800,100.0,20,0.209015974925836,0.2998465589730953,0
HighestRedundancy,0.3500000000000001,210,800,100.0,20,0.23918962801864263,0.3498538185704705,0
HighestRedundancy,0.40000000000000013,210,800,100.0,20,0.2704751740017173,0.3999958684321218,0
HighestRedundancy,0.45000000000000007,210,800,100.0,20,0.30175839184555664,0.44992473285491646,0
Greedy,0.1,220,800,100.0,20,0.08496350847545152,0.34786227004179776,251
Greedy,0.15000000000000002,220,800,100.0,20,0.08496350847545152,0.34786227004179776,97
Greedy,0.20000000000000004,220,800,100.0,20,0.08496350847545152,0.34786227004179776,30
Greedy,0.25000000000000006,220,800,100.0,20,0.08496350847545152,0.34786227004179776,10
Greedy,0.30000000000000004,220,800,100.0,20,0.08496350847545152,0.34786227004179776,1
Greedy,0.3500000000000001,220,800,100.0,20,0.08496350847545152,0.34786227004179776,0
Greedy,0.40000000000000013,220,800,100.0,20,0.08496350847545152,0.34786227004179776,0
Greedy,0.45000000000000007,220,800,100.0,20,0.08496350847545152,0.34786227004179776,0
Ranking,0.1,220,800,100.0,20,0.09130547018958397,0.3023610944553515,246
Ranking,0.15000000000000002,220,800,100.0,20,0.1061071921882803,0.3087517430233118,85
Ranking,0.20000000000000004,220,800,100.0,20,0.13318255107357166,0.3145381884546869,18
Ranking,0.25000000000000006,220,800,100.0,20,0.16553365201888365,0.29870340684474195,4
Ranking,0.30000000000000004,220,800,100.0,20,0.19834955648201305,0.3688405553168782,2
Ranking,0.3500000000000001,220,800,100.0,20,0.2300239515094471,0.42050166373450065,1
Ranking,0.40000000000000013,220,800,100.0,20,0.2569054692154124,0.42050166373450065,1
Ranking,0.45000000000000007,220,800,100.0,20,0.2842943902213175,0.4499754870738074,0
Random,0.1,220,800,100.0,20,0.09215302596792804,0.34786227004179776,245
Random,0.15000000000000002,220,800,100.0,20,0.10797696875185257,0.34786227004179776,74
Random,0.20000000000000004,220,800,100.0,20,0.1333039357996887,0.2835622900929265,16
Random,0.25000000000000006,220,800,100.0,20,0.16281101293853484,0.35499551156067116,3
Random,0.30000000000000004,220,800,100.0,20,0.19304289500807176,0.2999416043475272,0
Random,0.3500000000000001,220,800,100.0,20,0.2255872904148717,0.3490427401002284,0
Random,0.40000000000000013,220,800,100.0,20,0.2592662009130212,0.3997336176293439,0
Random,0.45000000000000007,220,800,100.0,20,0.29393476536515456,0.44999393331850696,0
HighestRedundancy,0.1,220,800,100.0,20,0.09106968547010502,0.34786227004179776,244
HighestRedundancy,0.15000000000000002,220,800,100.0,20,0.10647327336212262,0.2835622900929265,65
HighestRedundancy,0.20000000000000004,220,800,100.0,20,0.13546081171266183,0.24006068449336707,7
HighestRedundancy,0.25000000000000006,220,800,100.0,20,0.1729949779283619,0.24999560789865796,0
HighestRedundancy,0.30000000000000004,220,800,100.0,20,0.20657617573910506,0.2998707182596052,0
HighestRedundancy,0.3500000000000001,220,800,100.0,20,0.23581581862846465,0.3498065943843808,0
HighestRedundancy,0.40000000000000013,220,800,100.0,20,0.2708240136433495,0.39999610666030505,0
HighestRedundancy,0.45000000000000007,220,800,100.0,20,0.30086563822639545,0.44992473285491646,0
Greedy,0.1,230,800,100.0,20,0.0828417804548018,0.34786227004179776,240
Greedy,0.15000000000000002,230,800,100.0,20,0.0828417804548018,0.34786227004179776,91
Greedy,0.20000000000000004,230,800,100.0,20,0.0828417804548018,0.34786227004179776,25
Greedy,0.25000000000000006,230,800,100.0,20,0.0828417804548018,0.34786227004179776,9
Greedy,0.30000000000000004,230,800,100.0,20,0.0828417804548018,0.34786227004179776,1
Greedy,0.3500000000000001,230,800,100.0,20,0.0828417804548018,0.34786227004179776,0
Greedy,0.40000000000000013,230,800,100.0,20,0.0828417804548018,0.34786227004179776,0
Greedy,0.45000000000000007,230,800,100.0,20,0.0828417804548018,0.34786227004179776,0
Ranking,0.1,230,800,100.0,20,0.09038959144559007,0.34786227004179776,241
Ranking,0.15000000000000002,230,800,100.0,20,0.1082856058757059,0.3569052197089137,73
Ranking,0.20000000000000004,230,800,100.0,20,0.13277531596152653,0.3569052197089137,20
Ranking,0.25000000000000006,230,800,100.0,20,0.16622791324020522,0.3688405553168782,4
Ranking,0.30000000000000004,230,800,100.0,20,0.19581216654597663,0.37116172135716263,3
Ranking,0.3500000000000001,230,800,100.0,20,0.22789066052419052,0.4334605455314617,3
Ranking,0.40000000000000013,230,800,100.0,20,0.2619207298226572,0.4214471736278952,2
Ranking,0.45000000000000007,230,800,100.0,20,0.2840060782373317,0.4499754870738074,0
Random,0.1,230,800,100.0,20,0.09012156433252386,0.2943136377951608,233
Random,0.15000000000000002,230,800,100.0,20,0.11063752643670652,0.2679969261092508,78
Random,0.20000000000000004,230,800,100.0,20,0.13422141775935878,0.2898622082714816,13
Random,0.25000000000000006,230,800,100.0,20,0.16550295305833043,0.279103094927693,3
Random,0.30000000000000004,230,800,100.0,20,0.19530143627451133,0.3569052197089137,1
Random,0.3500000000000001,230,800,100.0,20,0.22919583191605206,0.3494553531159794,0
Random,0.40000000000000013,230,800,100.0,20,0.25312320736495153,0.39996905776880576,0
Random,0.45000000000000007,230,800,100.0,20,0.2875275509964234,0.449325069597594,0
HighestRedundancy,0.1,230,800,100.0,20,0.08941164088975373,0.34786227004179776,233
HighestRedundancy,0.15000000000000002,230,800,100.0,20,0.10613803595380446,0.2835622900929265,61
HighestRedundancy,0.20000000000000004,230,800,100.0,20,0.13535889528172657,0.24006068449336707,4
HighestRedundancy,0.25000000000000006,230,800,100.0,20,0.17469210733003282,0.24979208657899848,0
HighestRedundancy,0.30000000000000004,230,800,100.0,20,0.2010345730443513,0.2999508225726189,0
HighestRedundancy,0.3500000000000001,230,800,100.0,20,0.23872926432839328,0.34955672448800096,0
HighestRedundancy,0.40000000000000013,230,800,100.0,20,0.2733073886360537,0.39993702145689186,0
HighestRedundancy,0.45000000000000007,230,800,100.0,20,0.2996434250058879,0.44976699955704524,0
Greedy,0.1,240,800,100.0,20,0.08020281498427878,0.34786227004179776,226
Greedy,0.15000000000000002,240,800,100.0,20,0.08020281498427878,0.34786227004179776,76
Greedy,0.20000000000000004,240,800,100.0,20,0.08020281498427878,0.34786227004179776,20
Greedy,0.25000000000000006,240,800,100.0,20,0.08020281498427878,0.34786227004179776,7
Greedy,0.30000000000000004,240,800,100.0,20,0.08020281498427878,0.34786227004179776,1
Greedy,0.3500000000000001,240,800,100.0,20,0.08020281498427878,0.34786227004179776,0
Greedy,0.40000000000000013,240,800,100.0,20,0.08020281498427878,0.34786227004179776,0
Greedy,0.45000000000000007,240,800,100.0,20,0.08020281498427878,0.34786227004179776,0
Ranking,0.1,240,800,100.0,20,0.08734266126538345,0.34786227004179776,224
Ranking,0.15000000000000002,240,800,100.0,20,0.106682427515163,0.3569052197089137,68
Ranking,0.20000000000000004,240,800,100.0,20,0.13414961946998372,0.2898622082714816,14
Ranking,0.25000000000000006,240,800,100.0,20,0.16578760667672512,0.3688405553168782,5
Ranking,0.30000000000000004,240,800,100.0,20,0.19698207929849398,0.4599623409377498,4
Ranking,0.3500000000000001,240,800,100.0,20,0.22663744857335424,0.42050166373450065,1
Ranking,0.40000000000000013,240,800,100.0,20,0.2636171575348928,0.42050166373450065,1
Ranking,0.45000000000000007,240,800,100.0,20,0.2851389837731298,0.4654072255814352,2
Random,0.1,240,800,100.0,20,0.08751413135648571,0.3023610944553515,219
Random,0.15000000000000002,240,800,100.0,20,0.1071067166589609,0.34786227004179776,67
Random,0.20000000000000004,240,800,100.0,20,0.13219237193755673,0.3145381884546869,10
Random,0.25000000000000006,240,800,100.0,20,0.16407982745804206,0.2835622900929265,2
Random,0.30000000000000004,240,800,100.0,20,0.19531208139940548,0.3569052197089137,1
Random,0.3500000000000001,240,800,100.0,20,0.2238860060541804,0.34984659017711767,0
Random,0.40000000000000013,240,800,100.0,20,0.2599363595553237,0.3999409830703368,0
Random,0.45000000000000007,240,800,100.0,20,0.2867931303032812,0.44976699955704524,0
HighestRedundancy,0.1,240,800,100.0,20,0.08658065902933525,0.34786227004179776,213
HighestRedundancy,0.15000000000000002,240,800,100.0,20,0.10678074478203099,0.2835622900929265,53
HighestRedundancy,0.20000000000000004,240,800,100.0,20,0.13490409765947928,0.2835622900929265,4
HighestRedundancy,0.25000000000000006,240,800,100.0,20,0.1706907701032272,0.24999560789865796,0
HighestRedundancy,0.30000000000000004,240,800,100.0,20,0.2063231202450506,0.2998590859615085,0
HighestRedundancy,0.3500000000000001,240,800,100.0,20,0.24210558088071343,0.3492154351939621,0
HighestRedundancy,0.40000000000000013,240,800,100.0,20,0.268483719480861,0.3999673138496567,0
HighestRedundancy,0.45000000000000007,240,800,100.0,20,0.30129347501092607,0.44989834263070044,0
Greedy,0.1,250,800,100.0,20,0.07869665943881787,0.34786227004179776,219
Greedy,0.15000000000000002,250,800,100.0,20,0.07869665943881787,0.34786227004179776,72
Greedy,0.20000000000000004,250,800,100.0,20,0.07869665943881787,0.34786227004179776,18
Greedy,0.25000000000000006,250,800,100.0,20,0.07869665943881787,0.34786227004179776,6
Greedy,0.30000000000000004,250,800,100.0,20,0.07869665943881787,0.34786227004179776,1
Greedy,0.3500000000000001,250,800,100.0,20,0.07869665943881787,0.34786227004179776,0
Greedy,0.40000000000000013,250,800,100.0,20,0.07869665943881787,0.34786227004179776,0
Greedy,0.45000000000000007,250,800,100.0,20,0.07869665943881787,0.34786227004179776,0
Ranking,0.1,250,800,100.0,20,0.08560364749033253,0.34786227004179776,209
Ranking,0.15000000000000002,250,800,100.0,20,0.10554767009982412,0.3569052197089137,67
Ranking,0.20000000000000004,250,800,100.0,20,0.13249424706364046,0.31189675323383015,12
Ranking,0.25000000000000006,250,800,100.0,20,0.16372791510582602,0.3688405553168782,4
Ranking,0.30000000000000004,250,800,100.0,20,0.19774976868653243,0.40185705699007335,2
Ranking,0.3500000000000001,250,800,100.0,20,0.22462788730602726,0.34994357461579506,0
Ranking,0.40000000000000013,250,800,100.0,20,0.2600230521116275,0.39993702145689186,0
Ranking,0.45000000000000007,250,800,100.0,20,0.2872659225523399,0.4499754870738074,0
Random,0.1,250,800,100.0,20,0.08621172133907938,0.34786227004179776,213
Random,0.15000000000000002,250,800,100.0,20,0.10643302354394807,0.34786227004179776,53
Random,0.20000000000000004,250,800,100.0,20,0.13213744903839458,0.23575895378589307,10
Random,0.25000000000000006,250,800,100.0,20,0.16422339887140286,0.2676350177944179,1
Random,0.30000000000000004,250,800,100.0,20,0.19735472654273545,0.29995209440646586,0
Random,0.3500000000000001,250,800,100.0,20,0.2308552052885482,0.3499537480321993,0
Random,0.40000000000000013,250,800,100.0,20,0.2553830559260158,0.3998738726865294,0
Random,0.45000000000000007,250,800,100.0,20,0.2835175370908672,0.4499754870738074,0
HighestRedundancy,0.1,250,800,100.0,20,0.08576136914638775,0.34786227004179776,205
HighestRedundancy,0.15000000000000002,250,800,100.0,20,0.10669725608594094,0.2835622900929265,48
HighestRedundancy,0.20000000000000004,250,800,100.0,20,0.13630126655092134,0.2835622900929265,6
HighestRedundancy,0.25000000000000006,250,800,100.0,20,0.17078826115362145,0.24983370723969964,0
HighestRedundancy,0.30000000000000004,250,800,100.0,20,0.20408282234375474,0.29973123435762855,0
HighestRedundancy,0.3500000000000001,250,800,100.0,20,0.23773215024693453,0.3498065943843808,0
HighestRedundancy,0.40000000000000013,250,800,100.0,20,0.27411237200517813,0.3999958684321218,0
HighestRedundancy,0.45000000000000007,250,800,100.0,20,0.30221461755134965,0.44979670872252847,0
Greedy,0.1,260,800,100.0,20,0.07743993489545359,0.33878731076074636,213
Greedy,0.15000000000000002,260,800,100.0,20,0.07743993489545359,0.33878731076074636,64
Greedy,0.20000000000000004,260,800,100.0,20,0.07743993489545359,0.33878731076074636,17
Greedy,0.25000000000000006,260,800,100.0,20,0.07743993489545359,0.33878731076074636,6
Greedy,0.30000000000000004,260,800,100.0,20,0.07743993489545359,0.33878731076074636,1
Greedy,0.3500000000000001,260,800,100.0,20,0.07743993489545359,0.33878731076074636,0
Greedy,0.40000000000000013,260,800,100.0,20,0.07743993489545359,0.33878731076074636,0
Greedy,0.45000000000000007,260,800,100.0,20,0.07743993489545359,0.33878731076074636,0
Ranking,0.1,260,800,100.0,20,0.08568144528465604,0.33878731076074636,208
Ranking,0.15000000000000002,260,800,100.0,20,0.10590328844715727,0.33878731076074636,59
Ranking,0.20000000000000004,260,800,100.0,20,0.13353083052257114,0.33878731076074636,11
Ranking,0.25000000000000006,260,800,100.0,20,0.16153610848220004,0.33878731076074636,2
Ranking,0.30000000000000004,260,800,100.0,20,0.19759232685526862,0.33878731076074636,2
Ranking,0.3500000000000001,260,800,100.0,20,0.23274943902654077,0.34994357461579506,0
Ranking,0.40000000000000013,260,800,100.0,20,0.2572311092108671,0.39993702145689186,0
Ranking,0.45000000000000007,260,800,100.0,20,0.28586265610967765,0.4499754870738074,0
Random,0.1,260,800,100.0,20,0.08566032874779193,0.27479582276843834,198
Random,0.15000000000000002,260,800,100.0,20,0.10530332195342684,0.33878731076074636,50
Random,0.20000000000000004,260,800,100.0,20,0.1333431690086137,0.279103094927693,7
Random,0.25000000000000006,260,800,100.0,20,0.16403370997909172,0.2676350177944179,1
Random,0.30000000000000004,260,800,100.0,20,0.1969675618338607,0.33502278379058265,1
Random,0.3500000000000001,260,800,100.0,20,0.2259870640022277,0.3499079830834978,0
Random,0.40000000000000013,260,800,100.0,20,0.25926893982222654,0.39991050626665475,0
Random,0.45000000000000007,260,800,100.0,20,0.28640091926351763,0.44970922663292445,0
HighestRedundancy,0.1,260,800,100.0,20,0.08521801334177752,0.33878731076074636,189
HighestRedundancy,0.15000000000000002,260,800,100.0,20,0.10631597302346563,0.279103094927693,42
HighestRedundancy,0.20000000000000004,260,800,100.0,20,0.13559117749369343,0.2676350177944179,4
HighestRedundancy,0.25000000000000006,260,800,100.0,20,0.17086838943675878,0.2597729700786984,1
HighestRedundancy,0.30000000000000004,260,800,100.0,20,0.20458883554758844,0.2998707182596052,0
HighestRedundancy,0.3500000000000001,260,800,100.0,20,0.24245826774646498,0.34985135552377694,0
HighestRedundancy,0.40000000000000013,260,800,100.0,20,0.2714254829341521,0.39993702145689186,0
HighestRedundancy,0.45000000000000007,260,800,100.0,20,0.305503168460218,0.44976699955704524,0
Greedy,0.1,270,800,100.0,20,0.07522092653982863,0.33878731076074636,197
Greedy,0.15000000000000002,270,800,100.0,20,0.07522092653982863,0.33878731076074636,59
Greedy,0.20000000000000004,270,800,100.0,20,0.07522092653982863,0.33878731076074636,14
Greedy,0.25000000000000006,270,800,100.0,20,0.07522092653982863,0.33878731076074636,5
Greedy,0.30000000000000004,270,800,100.0,20,0.07522092653982863,0.33878731076074636,1
Greedy,0.3500000000000001,270,800,100.0,20,0.07522092653982863,0.33878731076074636,0
Greedy,0.40000000000000013,270,800,100.0,20,0.07522092653982863,0.33878731076074636,0
Greedy,0.45000000000000007,270,800,100.0,20,0.07522092653982863,0.33878731076074636,0
Ranking,0.1,270,800,100.0,20,0.08274696279543461,0.2898622082714816,187
Ranking,0.15000000000000002,270,800,100.0,20,0.1051586657797479,0.3023610944553515,61
Ranking,0.20000000000000004,270,800,100.0,20,0.133633755369229,0.2510417652939676,12
Ranking,0.25000000000000006,270,800,100.0,20,0.16547838868765027,0.279103094927693,2
Ranking,0.30000000000000004,270,800,100.0,20,0.19753694256782686,0.29988058857835853,0
Ranking,0.3500000000000001,270,800,100.0,20,0.22960019984182176,0.34994357461579506,0
Ranking,0.40000000000000013,270,800,100.0,20,0.26232259915861567,0.39993702145689186,0
Ranking,0.45000000000000007,270,800,100.0,20,0.2874693427935942,0.4499754870738074,0
Random,0.1,270,800,100.0,20,0.08467390258976445,0.27479582276843834,187
Random,0.15000000000000002,270,800,100.0,20,0.10537424148282865,0.33963298063485764,48
Random,0.20000000000000004,270,800,100.0,20,0.13229361105447565,0.237400390143864,7
Random,0.25000000000000006,270,800,100.0,20,0.16378922975321009,0.24994089082287227,0
Random,0.30000000000000004,270,800,100.0,20,0.1975429496858504,0.29999380406811327,0
Random,0.3500000000000001,270,800,100.0,20,0.22866596353286361,0.3497276506126624,0
Random,0.40000000000000013,270,800,100.0,20,0.256448540207919,0.39961727908911837,0
Random,0.45000000000000007,270,800,100.0,20,0.28903105490986514,0.4499221588971531,0
HighestRedundancy,0.1,270,800,100.0,20,0.08289056836855276,0.33878731076074636,171
HighestRedundancy,0.15000000000000002,270,800,100.0,20,0.10637175781913041,0.279103094927693,35
HighestRedundancy,0.20000000000000004,270,800,100.0,20,0.13678855146143132,0.2597729700786984,1
HighestRedundancy,0.25000000000000006,270,800,100.0,20,0.17278547795344373,0.24999560789865796,0
HighestRedundancy,0.30000000000000004,270,800,100.0,20,0.20202117820091645,0.2998465589730953,0
HighestRedundancy,0.3500000000000001,270,800,100.0,20,0.24272084789821075,0.349988100737206,0
HighestRedundancy,0.40000000000000013,270,800,100.0,20,0.27411671475645777,0.39993702145689186,0
HighestRedundancy,0.45000000000000007,270,800,100.0,20,0.30395268100643247,0.44979670872252847,0
Greedy,0.1,280,800,100.0,20,0.07444153502918002,0.33878731076074636,189
Greedy,0.15000000000000002,280,800,100.0,20,0.07444153502918002,0.33878731076074636,58
Greedy,0.20000000000000004,280,800,100.0,20,0.07444153502918002,0.33878731076074636,14
Greedy,0.25000000000000006,280,800,100.0,20,0.07444153502918002,0.33878731076074636,5
Greedy,0.30000000000000004,280,800,100.0,20,0.07444153502918002,0.33878731076074636,1
Greedy,0.3500000000000001,280,800,100.0,20,0.07444153502918002,0.33878731076074636,0
Greedy,0.40000000000000013,280,800,100.0,20,0.07444153502918002,0.33878731076074636,0
Greedy,0.45000000000000007,280,800,100.0,20,0.07444153502918002,0.33878731076074636,0
Ranking,0.1,280,800,100.0,20,0.08336166592164684,0.3087517430233118,174
Ranking,0.15000000000000002,280,800,100.0,20,0.10436426136334498,0.3087517430233118,51
Ranking,0.20000000000000004,280,800,100.0,20,0.13338985021683458,0.3087517430233118,10
Ranking,0.25000000000000006,280,800,100.0,20,0.16552256828854772,0.2898622082714816,3
Ranking,0.30000000000000004,280,800,100.0,20,0.1978879274524078,0.29995209440646586,0
Ranking,0.3500000000000001,280,800,100.0,20,0.2273591545866725,0.349988100737206,0
Ranking,0.40000000000000013,280,800,100.0,20,0.26116166848345446,0.3999941505563828,0
Ranking,0.45000000000000007,280,800,100.0,20,0.28891848079662036,0.4499754870738074,0
Random,0.1,280,800,100.0,20,0.08330534223523907,0.33878731076074636,178
Random,0.15000000000000002,280,800,100.0,20,0.10316801940889492,0.33878731076074636,41
Random,0.20000000000000004,280,800,100.0,20,0.1329175049673844,0.279103094927693,7
Random,0.25000000000000006,280,800,100.0,20,0.1643946394719291,0.2498334394662523,0
Random,0.30000000000000004,280,800,100.0,20,0.1957544124632299,0.34786227004179776,2
Random,0.3500000000000001,280,800,100.0,20,0.22780215156266764,0.3499313432773426,0
Random,0.40000000000000013,280,800,100.0,20,0.25834698551221874,0.39953042611298867,0
Random,0.45000000000000007,280,800,100.0,20,0.290802551163581,0.44973866314725236,0
HighestRedundancy,0.1,280,800,100.0,20,0.08259066902927889,0.33878731076074636,162
HighestRedundancy,0.15000000000000002,280,800,100.0,20,0.1065053217924833,0.279103094927693,33
HighestRedundancy,0.20000000000000004,280,800,100.0,20,0.1366336561463161,0.24006068449336707,3
HighestRedundancy,0.25000000000000006,280,800,100.0,20,0.1729714226620186,0.24999560789865796,0
HighestRedundancy,0.30000000000000004,280,800,100.0,20,0.2006004042164351,0.2999950082874037,0
HighestRedundancy,0.3500000000000001,280,800,100.0,20,0.24166917743733463,0.349988100737206,0
HighestRedundancy,0.40000000000000013,280,800,100.0,20,0.27050238894507755,0.3999633708742564,0
HighestRedundancy,0.45000000000000007,280,800,100.0,20,0.2984432265575931,0.44992473285491646,0
Greedy,0.1,290,800,100.0,20,0.07259454492411992,0.33878731076074636,179
Greedy,0.15000000000000002,290,800,100.0,20,0.07259454492411992,0.33878731076074636,51
Greedy,0.20000000000000004,290,800,100.0,20,0.07259454492411992,0.33878731076074636,12
Greedy,0.25000000000000006,290,800,100.0,20,0.07259454492411992,0.33878731076074636,4
Greedy,0.30000000000000004,290,800,100.0,20,0.07259454492411992,0.33878731076074636,1
Greedy,0.3500000000000001,290,800,100.0,20,0.07259454492411992,0.33878731076074636,0
Greedy,0.40000000000000013,290,800,100.0,20,0.07259454492411992,0.33878731076074636,0
Greedy,0.45000000000000007,290,800,100.0,20,0.07259454492411992,0.33878731076074636,0
Ranking,0.1,290,800,100.0,20,0.0820336624960593,0.2898622082714816,179
Ranking,0.15000000000000002,290,800,100.0,20,0.10430134601527319,0.33878731076074636,53
Ranking,0.20000000000000004,290,800,100.0,20,0.13275870722852762,0.3087517430233118,10
Ranking,0.25000000000000006,290,800,100.0,20,0.1658405799105514,0.279103094927693,1
Ranking,0.30000000000000004,290,800,100.0,20,0.19625433429706887,0.29999380406811327,0
Ranking,0.3500000000000001,290,800,100.0,20,0.22742353637363596,0.3498065943843808,0
Ranking,0.40000000000000013,290,800,100.0,20,0.2596783340417562,0.39993702145689186,0
Ranking,0.45000000000000007,290,800,100.0,20,0.28713027071196234,0.4499754870738074,0
Random,0.1,290,800,100.0,20,0.0812758048521223,0.33878731076074636,168
Random,0.15000000000000002,290,800,100.0,20,0.10418255547242765,0.33878731076074636,42
Random,0.20000000000000004,290,800,100.0,20,0.13261664725975175,0.279103094927693,7
Random,0.25000000000000006,290,800,100.0,20,0.1632355544270503,0.24994089082287227,0
Random,0.30000000000000004,290,800,100.0,20,0.19440031609327704,0.29991234361166,0
Random,0.3500000000000001,290,800,100.0,20,0.2259265948845866,0.3495100919138082,0
Random,0.40000000000000013,290,800,100.0,20,0.260327858668095,0.39967603603322965,0
Random,0.45000000000000007,290,800,100.0,20,0.2961960513765341,0.44977706502710973,0
HighestRedundancy,0.1,290,800,100.0,20,0.08137155098393001,0.33878731076074636,157
HighestRedundancy,0.15000000000000002,290,800,100.0,20,0.10549577658736094,0.279103094927693,29
HighestRedundancy,0.20000000000000004,290,800,100.0,20,0.13641278684249136,0.2597729700786984,1
HighestRedundancy,0.25000000000000006,290,800,100.0,20,0.1724217553153595,0.24999560789865796,0
HighestRedundancy,0.30000000000000004,290,800,100.0,20,0.20517886384361556,0.2999508225726189,0
HighestRedundancy,0.3500000000000001,290,800,100.0,20,0.2391824883776232,0.3498065943843808,0
HighestRedundancy,0.40000000000000013,290,800,100.0,20,0.2740474311734454,0.3999633708742564,0
HighestRedundancy,0.45000000000000007,290,800,100.0,20,0.302565531902172,0.44998695741679084,0
Greedy,0.1,300,800,100.0,20,0.07108975800837991,0.28914541877516037,168
Greedy,0.15000000000000002,300,800,100.0,20,0.07108975800837991,0.28914541877516037,45
Greedy,0.20000000000000004,300,800,100.0,20,0.07108975800837991,0.28914541877516037,12
Greedy,0.25000000000000006,300,800,100.0,20,0.07108975800837991,0.28914541877516037,4
Greedy,0.30000000000000004,300,800,100.0,20,0.07108975800837991,0.28914541877516037,0
Greedy,0.3500000000000001,300,800,100.0,20,0.07108975800837991,0.28914541877516037,0
Greedy,0.40000000000000013,300,800,100.0,20,0.07108975800837991,0.28914541877516037,0
Greedy,0.45000000000000007,300,800,100.0,20,0.07108975800837991,0.28914541877516037,0
Ranking,0.1,300,800,100.0,20,0.07985488187446758,0.28914541877516037,160
Ranking,0.15000000000000002,300,800,100.0,20,0.1038735689841351,0.279103094927693,49
Ranking,0.20000000000000004,300,800,100.0,20,0.1319818259217701,0.28914541877516037,8
Ranking,0.25000000000000006,300,800,100.0,20,0.16557223430190948,0.28914541877516037,1
Ranking,0.30000000000000004,300,800,100.0,20,0.2001662402739189,0.29989777132714934,0
Ranking,0.3500000000000001,300,800,100.0,20,0.22575503695956808,0.34994357461579506,0
Ranking,0.40000000000000013,300,800,100.0,20,0.2583769296406639,0.39993702145689186,0
Ranking,0.45000000000000007,300,800,100.0,20,0.28799353728397903,0.4499754870738074,0
Random,0.1,300,800,100.0,20,0.08122922930150478,0.28914541877516037,163
Random,0.15000000000000002,300,800,100.0,20,0.10292874200436121,0.28914541877516037,37
Random,0.20000000000000004,300,800,100.0,20,0.13033867246643266,0.21369155013754432,3
Random,0.25000000000000006,300,800,100.0,20,0.16178013039414738,0.2898622082714816,2
Random,0.30000000000000004,300,800,100.0,20,0.19439452011090633,0.29995558898294294,0
Random,0.3500000000000001,300,800,100.0,20,0.22201961846630855,0.3495143963906035,0
Random,0.40000000000000013,300,800,100.0,20,0.2575365031490341,0.39987415035894935,0
Random,0.45000000000000007,300,800,100.0,20,0.2899916357643459,0.4497693329141037,0
HighestRedundancy,0.1,300,800,100.0,20,0.08081566107900677,0.28914541877516037,151
HighestRedundancy,0.15000000000000002,300,800,100.0,20,0.10557341190774559,0.27479582276843834,27
HighestRedundancy,0.20000000000000004,300,800,100.0,20,0.13698981850692404,0.24006068449336707,3
HighestRedundancy,0.25000000000000006,300,800,100.0,20,0.17563690529353593,0.24999560789865796,0
HighestRedundancy,0.30000000000000004,300,800,100.0,20,0.20711933279429168,0.29988058857835853,0
HighestRedundancy,0.3500000000000001,300,800,100.0,20,0.24276598598095703,0.34955672448800096,0
HighestRedundancy,0.40000000000000013,300,800,100.0,20,0.27088670280078964,0.39993702145689186,0
HighestRedundancy,0.45000000000000007,300,800,100.0,20,0.3044149655018094,0.44976699955704524,0
